'_ERR_WARNING','D:\www\base\objects\filemanagers\ckfinder\core\connector\php\php5\Core\Xml.php','88','Cannot modify header information - headers already sent by (output started at D:\www\base\objects\filemanagers\ckfinder\config.php:62)','2009-10-03','14:05:22'
'_ERR_WARNING','D:\www\base\objects\filemanagers\ckfinder\core\connector\php\php5\Core\Xml.php','90','Cannot modify header information - headers already sent by (output started at D:\www\base\objects\filemanagers\ckfinder\config.php:62)','2009-10-03','14:05:22'
'_ERR_WARNING','D:\www\base\objects\filemanagers\ckfinder\core\connector\php\php5\Core\Xml.php','92','Cannot modify header information - headers already sent by (output started at D:\www\base\objects\filemanagers\ckfinder\config.php:62)','2009-10-03','14:05:22'
'_ERR_WARNING','D:\www\base\objects\filemanagers\ckfinder\core\connector\php\php5\Core\Xml.php','93','Cannot modify header information - headers already sent by (output started at D:\www\base\objects\filemanagers\ckfinder\config.php:62)','2009-10-03','14:05:22'
'_ERR_WARNING','D:\www\base\objects\filemanagers\ckfinder\core\connector\php\php5\Core\Xml.php','95','Cannot modify header information - headers already sent by (output started at D:\www\base\objects\filemanagers\ckfinder\config.php:62)','2009-10-03','14:05:22'
'_ERR_WARNING','D:\www\base\objects\filemanagers\ckfinder\core\connector\php\php5\Core\Xml.php','98','Cannot modify header information - headers already sent by (output started at D:\www\base\objects\filemanagers\ckfinder\config.php:62)','2009-10-03','14:05:22'
'_ERR_WARNING','D:\www\base\objects\filemanagers\ckfinder\core\connector\php\php5\Core\Xml.php','88','Cannot modify header information - headers already sent by (output started at D:\www\base\objects\filemanagers\ckfinder\config.php:62)','2009-10-03','14:07:47'
'_ERR_WARNING','D:\www\base\objects\filemanagers\ckfinder\core\connector\php\php5\Core\Xml.php','90','Cannot modify header information - headers already sent by (output started at D:\www\base\objects\filemanagers\ckfinder\config.php:62)','2009-10-03','14:07:47'
'_ERR_WARNING','D:\www\base\objects\filemanagers\ckfinder\core\connector\php\php5\Core\Xml.php','92','Cannot modify header information - headers already sent by (output started at D:\www\base\objects\filemanagers\ckfinder\config.php:62)','2009-10-03','14:07:47'
'_ERR_WARNING','D:\www\base\objects\filemanagers\ckfinder\core\connector\php\php5\Core\Xml.php','93','Cannot modify header information - headers already sent by (output started at D:\www\base\objects\filemanagers\ckfinder\config.php:62)','2009-10-03','14:07:47'
'_ERR_WARNING','D:\www\base\objects\filemanagers\ckfinder\core\connector\php\php5\Core\Xml.php','95','Cannot modify header information - headers already sent by (output started at D:\www\base\objects\filemanagers\ckfinder\config.php:62)','2009-10-03','14:07:47'
'_ERR_WARNING','D:\www\base\objects\filemanagers\ckfinder\core\connector\php\php5\Core\Xml.php','98','Cannot modify header information - headers already sent by (output started at D:\www\base\objects\filemanagers\ckfinder\config.php:62)','2009-10-03','14:07:47'
'_ERR_WARNING','D:\www\base\objects\filemanagers\ckfinder\core\connector\php\php5\Core\Xml.php','88','Cannot modify header information - headers already sent by (output started at D:\www\base\objects\filemanagers\ckfinder\config.php:62)','2009-10-03','14:10:51'
'_ERR_WARNING','D:\www\base\objects\filemanagers\ckfinder\core\connector\php\php5\Core\Xml.php','90','Cannot modify header information - headers already sent by (output started at D:\www\base\objects\filemanagers\ckfinder\config.php:62)','2009-10-03','14:10:51'
'_ERR_WARNING','D:\www\base\objects\filemanagers\ckfinder\core\connector\php\php5\Core\Xml.php','92','Cannot modify header information - headers already sent by (output started at D:\www\base\objects\filemanagers\ckfinder\config.php:62)','2009-10-03','14:10:51'
'_ERR_WARNING','D:\www\base\objects\filemanagers\ckfinder\core\connector\php\php5\Core\Xml.php','93','Cannot modify header information - headers already sent by (output started at D:\www\base\objects\filemanagers\ckfinder\config.php:62)','2009-10-03','14:10:51'
'_ERR_WARNING','D:\www\base\objects\filemanagers\ckfinder\core\connector\php\php5\Core\Xml.php','95','Cannot modify header information - headers already sent by (output started at D:\www\base\objects\filemanagers\ckfinder\config.php:62)','2009-10-03','14:10:51'
'_ERR_WARNING','D:\www\base\objects\filemanagers\ckfinder\core\connector\php\php5\Core\Xml.php','98','Cannot modify header information - headers already sent by (output started at D:\www\base\objects\filemanagers\ckfinder\config.php:62)','2009-10-03','14:10:51'
'_ERR_WARNING','D:\www\base\objects\filemanagers\ckfinder\core\connector\php\php5\Core\Xml.php','88','Cannot modify header information - headers already sent by (output started at D:\www\base\objects\filemanagers\ckfinder\config.php:62)','2009-10-03','14:12:32'
'_ERR_WARNING','D:\www\base\objects\filemanagers\ckfinder\core\connector\php\php5\Core\Xml.php','90','Cannot modify header information - headers already sent by (output started at D:\www\base\objects\filemanagers\ckfinder\config.php:62)','2009-10-03','14:12:32'
'_ERR_WARNING','D:\www\base\objects\filemanagers\ckfinder\core\connector\php\php5\Core\Xml.php','92','Cannot modify header information - headers already sent by (output started at D:\www\base\objects\filemanagers\ckfinder\config.php:62)','2009-10-03','14:12:32'
'_ERR_WARNING','D:\www\base\objects\filemanagers\ckfinder\core\connector\php\php5\Core\Xml.php','93','Cannot modify header information - headers already sent by (output started at D:\www\base\objects\filemanagers\ckfinder\config.php:62)','2009-10-03','14:12:32'
'_ERR_WARNING','D:\www\base\objects\filemanagers\ckfinder\core\connector\php\php5\Core\Xml.php','95','Cannot modify header information - headers already sent by (output started at D:\www\base\objects\filemanagers\ckfinder\config.php:62)','2009-10-03','14:12:32'
'_ERR_WARNING','D:\www\base\objects\filemanagers\ckfinder\core\connector\php\php5\Core\Xml.php','98','Cannot modify header information - headers already sent by (output started at D:\www\base\objects\filemanagers\ckfinder\config.php:62)','2009-10-03','14:12:32'
'_ERR_WARNING','D:\www\base\objects\filemanagers\ckfinder\core\connector\php\php5\Core\Xml.php','88','Cannot modify header information - headers already sent by (output started at D:\www\base\objects\filemanagers\ckfinder\config.php:62)','2009-10-03','14:12:57'
'_ERR_WARNING','D:\www\base\objects\filemanagers\ckfinder\core\connector\php\php5\Core\Xml.php','90','Cannot modify header information - headers already sent by (output started at D:\www\base\objects\filemanagers\ckfinder\config.php:62)','2009-10-03','14:12:57'
'_ERR_WARNING','D:\www\base\objects\filemanagers\ckfinder\core\connector\php\php5\Core\Xml.php','92','Cannot modify header information - headers already sent by (output started at D:\www\base\objects\filemanagers\ckfinder\config.php:62)','2009-10-03','14:12:57'
'_ERR_WARNING','D:\www\base\objects\filemanagers\ckfinder\core\connector\php\php5\Core\Xml.php','93','Cannot modify header information - headers already sent by (output started at D:\www\base\objects\filemanagers\ckfinder\config.php:62)','2009-10-03','14:12:57'
'_ERR_WARNING','D:\www\base\objects\filemanagers\ckfinder\core\connector\php\php5\Core\Xml.php','95','Cannot modify header information - headers already sent by (output started at D:\www\base\objects\filemanagers\ckfinder\config.php:62)','2009-10-03','14:12:57'
'_ERR_WARNING','D:\www\base\objects\filemanagers\ckfinder\core\connector\php\php5\Core\Xml.php','98','Cannot modify header information - headers already sent by (output started at D:\www\base\objects\filemanagers\ckfinder\config.php:62)','2009-10-03','14:12:57'
'_ERR_WARNING','D:\www\base\objects\filemanagers\ckfinder\core\connector\php\php5\Core\Xml.php','88','Cannot modify header information - headers already sent by (output started at D:\www\base\objects\filemanagers\ckfinder\config.php:63)','2009-10-03','14:18:40'
'_ERR_WARNING','D:\www\base\objects\filemanagers\ckfinder\core\connector\php\php5\Core\Xml.php','90','Cannot modify header information - headers already sent by (output started at D:\www\base\objects\filemanagers\ckfinder\config.php:63)','2009-10-03','14:18:40'
'_ERR_WARNING','D:\www\base\objects\filemanagers\ckfinder\core\connector\php\php5\Core\Xml.php','92','Cannot modify header information - headers already sent by (output started at D:\www\base\objects\filemanagers\ckfinder\config.php:63)','2009-10-03','14:18:40'
'_ERR_WARNING','D:\www\base\objects\filemanagers\ckfinder\core\connector\php\php5\Core\Xml.php','93','Cannot modify header information - headers already sent by (output started at D:\www\base\objects\filemanagers\ckfinder\config.php:63)','2009-10-03','14:18:40'
'_ERR_WARNING','D:\www\base\objects\filemanagers\ckfinder\core\connector\php\php5\Core\Xml.php','95','Cannot modify header information - headers already sent by (output started at D:\www\base\objects\filemanagers\ckfinder\config.php:63)','2009-10-03','14:18:40'
'_ERR_WARNING','D:\www\base\objects\filemanagers\ckfinder\core\connector\php\php5\Core\Xml.php','98','Cannot modify header information - headers already sent by (output started at D:\www\base\objects\filemanagers\ckfinder\config.php:63)','2009-10-03','14:18:40'
'_ERR_WARNING','D:\www\base\objects\filemanagers\ckfinder\core\connector\php\php5\Core\Xml.php','88','Cannot modify header information - headers already sent by (output started at D:\www\base\objects\filemanagers\ckfinder\config.php:63)','2009-10-03','14:18:59'
'_ERR_WARNING','D:\www\base\objects\filemanagers\ckfinder\core\connector\php\php5\Core\Xml.php','90','Cannot modify header information - headers already sent by (output started at D:\www\base\objects\filemanagers\ckfinder\config.php:63)','2009-10-03','14:18:59'
'_ERR_WARNING','D:\www\base\objects\filemanagers\ckfinder\core\connector\php\php5\Core\Xml.php','92','Cannot modify header information - headers already sent by (output started at D:\www\base\objects\filemanagers\ckfinder\config.php:63)','2009-10-03','14:18:59'
'_ERR_WARNING','D:\www\base\objects\filemanagers\ckfinder\core\connector\php\php5\Core\Xml.php','93','Cannot modify header information - headers already sent by (output started at D:\www\base\objects\filemanagers\ckfinder\config.php:63)','2009-10-03','14:18:59'
'_ERR_WARNING','D:\www\base\objects\filemanagers\ckfinder\core\connector\php\php5\Core\Xml.php','95','Cannot modify header information - headers already sent by (output started at D:\www\base\objects\filemanagers\ckfinder\config.php:63)','2009-10-03','14:18:59'
'_ERR_WARNING','D:\www\base\objects\filemanagers\ckfinder\core\connector\php\php5\Core\Xml.php','98','Cannot modify header information - headers already sent by (output started at D:\www\base\objects\filemanagers\ckfinder\config.php:63)','2009-10-03','14:18:59'
